-- phpMyAdmin SQL Dump
-- version 5.1.1
-- https://www.phpmyadmin.net/
--
-- Host: 127.0.0.1
-- Generation Time: Nov 08, 2021 at 04:12 AM
-- Server version: 10.4.21-MariaDB
-- PHP Version: 7.4.23

SET SQL_MODE = "NO_AUTO_VALUE_ON_ZERO";
START TRANSACTION;
SET time_zone = "+00:00";


/*!40101 SET @OLD_CHARACTER_SET_CLIENT=@@CHARACTER_SET_CLIENT */;
/*!40101 SET @OLD_CHARACTER_SET_RESULTS=@@CHARACTER_SET_RESULTS */;
/*!40101 SET @OLD_COLLATION_CONNECTION=@@COLLATION_CONNECTION */;
/*!40101 SET NAMES utf8mb4 */;

--
-- Database: `chan`
--

-- --------------------------------------------------------

--
-- Table structure for table `cart`
--

CREATE TABLE `cart` (
  `id` int(11) NOT NULL,
  `id_user` int(11) NOT NULL,
  `id_product` int(11) NOT NULL,
  `qty` int(11) NOT NULL,
  `subtotal` int(11) NOT NULL
) ENGINE=InnoDB DEFAULT CHARSET=utf8;

-- --------------------------------------------------------

--
-- Table structure for table `category`
--

CREATE TABLE `category` (
  `id` int(11) NOT NULL,
  `slug` varchar(255) NOT NULL,
  `title` varchar(255) NOT NULL
) ENGINE=InnoDB DEFAULT CHARSET=utf8;

--
-- Dumping data for table `category`
--

INSERT INTO `category` (`id`, `slug`, `title`) VALUES
(1, 'food-and-beverage', 'Food and Beverage'),
(2, 'sport', 'Sport'),
(3, 'travel', 'Travel'),
(4, 'entertainment', 'Entertainment'),
(5, 'e-wallet', 'E-Wallet'),
(6, 'transportation', 'Transportation');

-- --------------------------------------------------------

--
-- Table structure for table `orders`
--

CREATE TABLE `orders` (
  `id` int(11) NOT NULL,
  `id_user` int(11) NOT NULL,
  `date` date NOT NULL,
  `invoice` varchar(100) NOT NULL,
  `total` int(11) NOT NULL,
  `name` varchar(255) NOT NULL,
  `address` varchar(255) NOT NULL,
  `phone` varchar(255) NOT NULL,
  `status` enum('waiting','paid','delivered','cancel') NOT NULL
) ENGINE=InnoDB DEFAULT CHARSET=utf8;

--
-- Dumping data for table `orders`
--

INSERT INTO `orders` (`id`, `id_user`, `date`, `invoice`, `total`, `name`, `address`, `phone`, `status`) VALUES
(1, 5, '2020-03-18', '520200318210456', 36000000, 'Hakim', 'Kampung Malang Kulon 1/38-A', '087855777360', 'paid'),
(2, 5, '2020-03-19', '520200319181238', 500000, 'Jotaro Kujo', 'Western', '218838383', 'delivered'),
(3, 5, '2020-03-24', '520200324223408', 3000000, 'Amir Muhammad Hakim', 'Kampung Malang Kulon 1/38-A', '087855777360', 'waiting');

-- --------------------------------------------------------

--
-- Table structure for table `orders_confirm`
--

CREATE TABLE `orders_confirm` (
  `id` int(11) NOT NULL,
  `id_orders` int(11) NOT NULL,
  `account_name` varchar(255) NOT NULL,
  `account_number` varchar(50) NOT NULL,
  `nominal` int(11) NOT NULL,
  `note` varchar(255) NOT NULL,
  `image` varchar(255) NOT NULL
) ENGINE=InnoDB DEFAULT CHARSET=utf8;

--
-- Dumping data for table `orders_confirm`
--

INSERT INTO `orders_confirm` (`id`, `id_orders`, `account_name`, `account_number`, `nominal`, `note`, `image`) VALUES
(1, 1, 'Amir', '42424123333', 36000000, '-', '520200318210456-20200319173859.jpg'),
(2, 2, 'Dio Brando', '344312321', 500000, 'Mantap kang', '520200319181238-20200319181447.jpg');

-- --------------------------------------------------------

--
-- Table structure for table `order_detail`
--

CREATE TABLE `order_detail` (
  `id` int(11) NOT NULL,
  `id_orders` int(11) NOT NULL,
  `id_product` int(11) NOT NULL,
  `qty` int(4) NOT NULL,
  `subtotal` int(11) NOT NULL
) ENGINE=InnoDB DEFAULT CHARSET=utf8;

--
-- Dumping data for table `order_detail`
--

INSERT INTO `order_detail` (`id`, `id_orders`, `id_product`, `qty`, `subtotal`) VALUES
(1, 1, 4, 6, 30000000),
(2, 1, 3, 2, 6000000),
(3, 2, 2, 1, 500000),
(4, 3, 3, 1, 3000000);

-- --------------------------------------------------------

--
-- Table structure for table `product`
--

CREATE TABLE `product` (
  `id` int(11) NOT NULL,
  `id_category` int(11) NOT NULL,
  `slug` varchar(255) NOT NULL,
  `title` varchar(255) NOT NULL,
  `description` varchar(255) NOT NULL,
  `price` int(11) NOT NULL,
  `is_available` tinyint(1) NOT NULL DEFAULT 1,
  `image` varchar(255) NOT NULL
) ENGINE=InnoDB DEFAULT CHARSET=utf8;

--
-- Dumping data for table `product`
--

INSERT INTO `product` (`id`, `id_category`, `slug`, `title`, `description`, `price`, `is_available`, `image`) VALUES
(2, 1, 'burger-king', 'BURGER KING', 'Burgerking', 500000, 1, 'burger-king-20211108000358.jpg'),
(3, 1, 'batagor-riri', 'Batagor riri', 'Batagor Riri', 3000000, 1, 'batagor-riri-20211108000517.jpg'),
(4, 4, 'steam-wallet', 'Steam Wallet', 'Steam Wallet', 5000000, 1, 'steam-wallet-20211108000626.jpg');

-- --------------------------------------------------------

--
-- Table structure for table `user`
--

CREATE TABLE `user` (
  `id` int(11) NOT NULL,
  `name` varchar(255) NOT NULL,
  `email` varchar(255) NOT NULL,
  `password` varchar(255) NOT NULL,
  `role` enum('admin','member') NOT NULL,
  `is_active` tinyint(1) NOT NULL DEFAULT 1,
  `image` varchar(255) DEFAULT NULL
) ENGINE=InnoDB DEFAULT CHARSET=utf8;

--
-- Dumping data for table `user`
--

INSERT INTO `user` (`id`, `name`, `email`, `password`, `role`, `is_active`, `image`) VALUES
(4, 'Admin', 'admin@admin.com', '$2y$10$hsdbghxlfBsMbC3nIAr5Suw5kjXW7ktNZKmfFolc5FDMHD2bdq7q.', 'admin', 1, 'admin-20200315212825.png'),
(5, 'Member', 'member@member.com', '$2y$10$ghbQkKwENFZnOxWAwtgSaeDV2gcI63ZorQEQkSxqlaUlrFUMNnLpy', 'member', 1, 'member-20200315232137.png');

--
-- Indexes for dumped tables
--

--
-- Indexes for table `cart`
--
ALTER TABLE `cart`
  ADD PRIMARY KEY (`id`);

--
-- Indexes for table `category`
--
ALTER TABLE `category`
  ADD PRIMARY KEY (`id`);

--
-- Indexes for table `orders`
--
ALTER TABLE `orders`
  ADD PRIMARY KEY (`id`);

--
-- Indexes for table `orders_confirm`
--
ALTER TABLE `orders_confirm`
  ADD PRIMARY KEY (`id`);

--
-- Indexes for table `order_detail`
--
ALTER TABLE `order_detail`
  ADD PRIMARY KEY (`id`);

--
-- Indexes for table `product`
--
ALTER TABLE `product`
  ADD PRIMARY KEY (`id`);

--
-- Indexes for table `user`
--
ALTER TABLE `user`
  ADD PRIMARY KEY (`id`);

--
-- AUTO_INCREMENT for dumped tables
--

--
-- AUTO_INCREMENT for table `cart`
--
ALTER TABLE `cart`
  MODIFY `id` int(11) NOT NULL AUTO_INCREMENT, AUTO_INCREMENT=2;

--
-- AUTO_INCREMENT for table `category`
--
ALTER TABLE `category`
  MODIFY `id` int(11) NOT NULL AUTO_INCREMENT, AUTO_INCREMENT=7;

--
-- AUTO_INCREMENT for table `orders`
--
ALTER TABLE `orders`
  MODIFY `id` int(11) NOT NULL AUTO_INCREMENT, AUTO_INCREMENT=4;

--
-- AUTO_INCREMENT for table `orders_confirm`
--
ALTER TABLE `orders_confirm`
  MODIFY `id` int(11) NOT NULL AUTO_INCREMENT, AUTO_INCREMENT=3;

--
-- AUTO_INCREMENT for table `order_detail`
--
ALTER TABLE `order_detail`
  MODIFY `id` int(11) NOT NULL AUTO_INCREMENT, AUTO_INCREMENT=5;

--
-- AUTO_INCREMENT for table `product`
--
ALTER TABLE `product`
  MODIFY `id` int(11) NOT NULL AUTO_INCREMENT, AUTO_INCREMENT=5;

--
-- AUTO_INCREMENT for table `user`
--
ALTER TABLE `user`
  MODIFY `id` int(11) NOT NULL AUTO_INCREMENT, AUTO_INCREMENT=6;
COMMIT;

/*!40101 SET CHARACTER_SET_CLIENT=@OLD_CHARACTER_SET_CLIENT */;
/*!40101 SET CHARACTER_SET_RESULTS=@OLD_CHARACTER_SET_RESULTS */;
/*!40101 SET COLLATION_CONNECTION=@OLD_COLLATION_CONNECTION */;
